Course Name,Region,Website,Email,Phone
Akarana Golf Club,Auckland,https://www.akaranagolf.co.nz/,admin@akaranagolf.co.nz,09 621 0024
Awhitu Golf Club,Auckland,http://www.awhitugolf.co.nz/,awhitugolf@xtra.co.nz,09 235 1031
Broadwood Golf Club,Auckland,http://www.redwoodparkgolf.co.nz/,manager@redwoodparkgolf.co.nz,09 833 8253
Chamberlain Park Golf Club,Auckland,http://www.chamberlainpark.co.nz/,dratahi@live.com,09 815 4999
Clarks Beach Golf Club,Auckland,http://www.clarksbeachgolfclub.co.nz/,proshop@clarksbeachgolfclub.co.nz,09 232 1788
Formosa Golf Resort,Auckland,https://www.rydges.com/accommodation/new-zealand/formosa-golf-resort/?utm_source=google&utm_medium=organic&utm_campaign=gmb,golf@formosagolfresort.co.nz,09 218 3870
Futures Auckland - Tamaki Makaurau,Auckland,http://newfuture.nz/,futures@aucklandgolf.nz,020 485 7020
GOLFIXX Indoor Golf,Auckland,https://golfixx.nz/,golfixx.nz@gmail.com,0210 907 8528
Helensville Golf Club,Auckland,http://www.helensvillegolf.co.nz/,manager@helensvillegolf.co.nz,09 420 5454
Howick Golf Club,Auckland,http://www.howickgolf.co.nz/,golfshop@howickgolf.co.nz,09 535 1001
Huapai Golf Club,Auckland,http://www.huapaigolf.co.nz/,rexd@hah.co.nz,09 412 8809
Maungakiekie Golf Club,Auckland,https://www.maungakiekiegolf.co.nz/,admin@maungakiekiegolf.co.nz,09 621 0090
Maxwells Golf Club,Auckland,http://www.maxwellsgolf.co.nz/,info@maxwellsgolf.co.nz,09 236 0911
Muriwai Golf Club,Auckland,http://www.muriwaigolfclub.co.nz/,gm@muriwaigolflinks.co.nz,09 411 8454
North Golf - Harbour,Auckland,,ceo@northgolf.nz,
North Shore Golf Club,Auckland,http://www.northshoregolfclub.co.nz/,admin@nsgc.co.nz,09 415 9924
Northridge Golf Resort,Auckland,http://www.northridgelodge.com/,info@northridgecountrylodge.com,09 426 5324
Omaha Beach Golf Club,Auckland,http://www.omahagolf.co.nz/,gm@omahagolf.co.nz,09 422 7551
Pakuranga Golf Club,Auckland,http://www.pakurangagolf.co.nz/,admin@pakurangagolf.co.nz,09 534 3818
Pukekohe Golf Club,Auckland,https://www.pukekohegolf.co.nz/,info@pukekohegolf.co.nz,09 294 8822
Pupuke Golf Club,Auckland,http://www.pupuke.co.nz/,golf@pupukegolf.co.nz,09 410 7906
Remuera Golf Club,Auckland,http://www.remueragolfclub.com/,enquiries@remueragolfclub.com,09 524 4288
RNZAF Auckland Golf Club,Auckland,https://rnzafaucklandgolf.co.nz/,admin@rnzafaucklandgolf.co.nz,09 417 7000
Royal Auckland and Grange Golf Club,Auckland,https://raggc.com/,golfbookings@raggc.com,09 975 6330
Royal NZ Navy Golf Society Golf Club,Auckland,http://www.golf.co.nz/,,09 485 3230
South Head Golf Club,Auckland,https://www.southheadgolf.co.nz/,hello@southheadgolf.co.nz,09 420 2838
Takapuna Golf Course,Auckland,https://www.tgolf.co.nz/,jay.lee@tgolf.co.nz,09 443 5002
Tapora Golf Club,Auckland,http://www.taporagolf.co.nz/,admin@taporagolf.co.nz,021 165 5346
Tara Iti Golf Club,Auckland,http://www.taraiti.com/,,09 431 4600
Te Arai Links,Auckland,http://www.tearai.com/,reservation@tearai.com,09 883 4600
The Green Pinnacle,Auckland,https://thegreenpinnacle.co.nz/,info@thegreenpinnacle.co.nz,09 360 0910
Titirangi Golf Club,Auckland,http://www.titirangigolf.co.nz/,manager@titirangigolf.co.nz,09 827 5749
Waiheke Island Golf Club,Auckland,https://www.waihekegolfclub.co.nz/,info@waihekegolfclub.co.nz,09 372 8886
Wainui Golf Club,Auckland,https://wainui.online/,admin@wainui.online,09 444 3437
Waitakere Golf Club,Auckland,https://www.waitakeregolfclub.co.nz/,office@waitakeregolfclub.co.nz,09 810 9399
Waitemata Golf Club,Auckland,https://www.waitematagolf.co.nz/,admin@waitematagolf.co.nz,09 445 8716
Waiuku Golf & Squash Club,Auckland,https://www.waiukugolfandsquash.com/,info@waiukugolfandsquash.com,09 235 9489
Warkworth Golf Club,Auckland,https://www.warkworthgolfclub.co.nz/,thedivot@warkworthgolfclub.co.nz,09 425 8248
Wattle Downs Golf Course,Auckland,http://wattledownsgolf.co.nz/,admin@wattledownsgolf.co.nz,09 268 1929
Wellsford Golf Club,Auckland,http://wellsfordgolf.co.nz/,wgcwellsford@xtra.co.nz,09 423 8385
Whangaparaoa Golf Club,Auckland,https://www.wgcgolf.net/,whangaparaoa@wgcgolf.net,09 424 5441
Whitford Park Golf Club,Auckland,https://www.whitfordpark.co.nz/,office@whitfordpark.co.nz,09 530 8823
Windross Farm Golf Course,Auckland,http://windrossfarm.co.nz/,office@windrossfarm.co.nz,09 281 5414
BOP Golf,Bay of Plenty,https://www.golf.co.nz/bay-of-plenty,sam.kendall@golfnz.org,
Fairview Golf Club,Bay of Plenty,https://fairviewestate.co.nz/,info@fairviewgolf.co.nz,07 549 3412
Hamurana Golf Club,Bay of Plenty,https://www.hamurana.co.nz/,hamuranaexperience@gmail.com,0800 426 872
Hamurana Springs Nature Park & Golf Course,Bay of Plenty,http://hamurana.co.nz/#,hamuranaexperience@gmail.com,0800 426 8726
Hinehopu Golf Club,Bay of Plenty,,hinehopugolfclub@gmail.com,07 362 7629
Kawerau Golf Club,Bay of Plenty,http://www.kaweraugolfclub.co.nz/,kaweraugolfclub@gmail.com,07 323 7095
Lake Rotoiti Golf Course,Bay of Plenty,,info@cogentcorp.co.nz,07 362 7823
Lake View Golf and Country Club,Bay of Plenty,http://lakeviewgolf.co.nz/,lakeview@golf.co.nz,07 357 2341
Mount Maunganui Golf Club,Bay of Plenty,http://www.mountgolf.co.nz/,info@mountgolf.co.nz,07 572 7044
Murupara Golf Club,Bay of Plenty,,trina.bockman@tll.co.nz,0274 664 153
Ohope Beach Golf Links,Bay of Plenty,http://www.ohopegolf.co.nz/,office@ohopegolf.nz,07 312 4486
Ohope International Golf Course,Bay of Plenty,http://www.ohopegolf.co.nz/,office@ohopegolf.nz,07 312 4486
Omanu Golf Club,Bay of Plenty,http://www.omanugolf.co.nz/,manager@omanugolf.co.nz,07 575 5957
Omokoroa Golf Club,Bay of Plenty,http://www.omokoroagolf.co.nz/,info@omokoroagolf.co.nz,07 548 0384
Opotiki Golf Club,Bay of Plenty,http://www.opotikigolf.co.nz/,opotikigolf@xtra.co.nz,07 315 7415
Otumoetai Golf Club,Bay of Plenty,http://www.otumoetaigolf.co.nz/,info@otumoetaigolf.co.nz,07 576 9739
Renner Park Golf Club,Bay of Plenty,http://www.rennerparkgolf.co.nz,manager@rennerparkgolf.co.nz,07 543 4954
Rotorua Golf Club,Bay of Plenty,http://rotoruagolfclub.co.nz/,holly@redspot.co.nz,07 348 4051
Springfield Golf Club,Bay of Plenty,http://www.springfieldgolf.co.nz/,admin@springfieldgolf.co.nz,07 348 2748
Summerhill Golf Course,Bay of Plenty,http://www.summerhillestate.co.nz/,info@summerhillestate.co.nz,0210 518 653
Tauranga Golf Club,Bay of Plenty,http://www.taurangagolf.co.nz/,drew.whitten@rothbury.co.nz,07 578 8465
Te Puke Golf Club,Bay of Plenty,http://www.tepukegolfclub.co.nz/,proshop@tepukegolfclub.co.nz,07 533 1115
Te Teko Golf Club,Bay of Plenty,,tetekogolf1@xtra.co.nz,021929549
Wairakei Resort,Bay of Plenty,https://all.accor.com/lien_externe.svlt?goto=fiche_hotel&code_hotel=C493&merchantid=seo-maps-NZ-C493&sourceid=aw-cen&utm_medium=seo%20maps&utm_source=google%20Maps&utm_campaign=seo%20maps,reservations@wairakei.co.nz,07 374 9004
Whakatane Golf Club,Bay of Plenty,https://www.whakatanegolf.com/,office@whakatanegolf.co.nz,07 308 8117
Akaroa Golf Club,Canterbury,http://www.akaroagolf.co.nz/,akaroagolf@xtra.co.nz,03 304 5704
Amberley Golf Club,Canterbury,http://www.amberleygolf.co.nz/,amberleygolf@gmail.com,03 314 8735
Amuri Golf Club,Canterbury,http://www.canterburygolf.co.nz/clubs/amuri-golf-club/,info@canterburygolf.co.nz,021 413 744
Ashburton Golf Club,Canterbury,http://www.ashburtongolf.co.nz/,admin@ashburtongolf.co.nz,03 308 6371
Avondale Golf Club,Canterbury,http://avondalegolfclub.co.nz/,avondaleoffice@xtra.co.nz,03 388 8203
Ben Ohau Golf Club,Canterbury,http://benohaugolf.co.nz/,benohaugolf@xtra.co.nz,03 435 0302
Bottle Lake Golf Club,Canterbury,http://www.bottlelakegolf.co.nz/,office@bottlelakegolf.co.nz,03 383 1403
Burnham Golf Club,Canterbury,http://burnhamgolf.weebly.com/,ekara.lewis@lincoln.ac.nz,03 347 6818
Canterbury Golf,Canterbury,http://www.canterburygolf.co.nz/,Blair@canterburygolf.co.nz,03 359 4000
Charteris Bay Golf Club,Canterbury,http://www.charterisbay.co.nz/,charterisbaygolf@gmail.com,021 188 6293
Cheviot Golf Club,Canterbury,http://www.canterburygolf.co.nz/clubs/cheviot-golf-club/,info@canterburygolf.co.nz,03 319 8719
Christchurch Golf Club,Canterbury,https://www.christchurchgolf.co.nz/,admin@christchurchgolf.co.nz,03 385 9506
Clearwater Golf Club,Canterbury,http://www.clearwatergolf.co.nz/,play@clearwatergolf.co.nz,03 360 2146
Coringa Golf Club,Canterbury,http://www.coringagolfclub.co.nz/,office@coringagolfclub.co.nz,03 359 7174
Culverden Golf Club,Canterbury,http://www.canterburygolf.co.nz/clubs/culverden-golf-club/,info@canterburygolf.co.nz,03 315 8159
Ellesmere Golf Club,Canterbury,http://www.ellesmeregolf.co.nz/,ellesmeregolfclub@gmail.com,03 324 2886
Everglades Country Golf Club,Canterbury,http://www.canterburygolf.co.nz/clubs/everglades-golf-club/,info@canterburygolf.co.nz,03 323 8641
Fairlie Golf Club,Canterbury,http://golf.fairlienz.com/,fairliegolf@gmail.com,03 971 2595
Geraldine District Golf Club,Canterbury,http://www.geraldinegolf.co.nz/,clubservices@geraldinegolf.co.nz,021 224 1244
Gleniti Golf Club,Canterbury,http://www.glenitigolf.co.nz/,glenitigolf@xtra.co.nz,03 686 0305
Grande Vue Golf Club,Canterbury,,grandevuegolf@gmail.com,
Greendale Golf Club,Canterbury,http://www.greendalegolf.com,office@greendalegolf.com,03 318 8046
Hagley Golf Club,Canterbury,https://www.hagleygc.org.nz/,hagleygc@xtra.co.nz,03 379 8279
Hanmer Springs Golf Club,Canterbury,https://www.hanmerspringsgolf.co.nz/,lesliemitchell2@gmail.com,03 315 7110
Harewood Golf Club,Canterbury,https://www.harewoodgolf.co.nz/,manager@harewoodgolf.co.nz,03 359 8843
Hawarden Golf Club,Canterbury,http://www.hawardengolf.com/,admin@hawardengolf.com,03 314 4490
Highfield Golf Club,Canterbury,http://www.timaruclubs.co.nz/highfield-golf-club,admin@timaruclubs.co.nz,021 026 594 93
Hororata Golf Club,Canterbury,https://www.hororatagolf.co.nz/,hororatagc@gmail.com,03 318 2887
Kaiapoi Golf Club,Canterbury,http://www.kaiapoigolf.co.nz/,info@kaiapoigolf.co.nz,03 327 7320
Kaikoura Golf Club,Canterbury,https://www.kaikouragolf.co.nz/,info@kaikouragolf.co.nz,03 319 5628
Kaituna Golf Course,Canterbury,http://www.canterburygolf.co.nz/clubs/kaituna-golf-club/,info@canterburygolf.co.nz,027 266 3037
Kurow Golf Club,Canterbury,http://www.kurowgolfclub.co.nz,kurow.golf@gmail.com,
Lincoln Golf Club,Canterbury,https://www.lincolngolf.co.nz/,admin@lincolngolf.co.nz,03 325 2453
Mackenzie Golf Club,Canterbury,,,027 243 5986
Maungati Golf Club,Canterbury,http://www.aorangigolf.org.nz/clubs/maungati-golf-club/,hello@golfnz.org,03 612 9805
Mayfield Golf Club,Canterbury,http://www.aorangigolf.org.nz/clubs/mayfield-golf-club/,hello@golfnz.org,021 555 629
McLeans Island Golf Club,Canterbury,https://www.mcleansislandgolf.co.nz/,golfshop@mcleansislandgolf.co.nz,03 359 9768
Methven Golf Club,Canterbury,http://www.methvengolf.co.nz/,methvengolf@xtra.co.nz,027 502 8439
Mt Nessing Golf Club,Canterbury,,,0272753118
Omarama Golf Club,Canterbury,http://www.omaramagolfclub.co.nz/,secretary@omaramagolfclub.co.nz,0274 389 018
Otematata Golf Club,Canterbury,,,0226768789
Pegasus Golf Club,Canterbury,http://www.pegasus-golfclub.co.nz/,webmaster@pegasus-golfclub.co.nz,03 920 3300
Pleasant Point Golf Club,Canterbury,https://www.pleasantpointgolf.co.nz/,pleasantpointgolf@farmside.co.nz,020 424 1949
Rakaia Golf Club,Canterbury,http://www.aorangigolf.org.nz/clubs/rakaia-golf-club/,hello@golfnz.org,03 302 7114
Rangiora Golf Club,Canterbury,http://rangioragolfclub.co.nz,rangioragolfclub@gmail.com,03 313 6666
Rawhiti Golf Club,Canterbury,https://www.rawhitigolfclub.co.nz/,rawhitigolfclub@gmail.comor,03 388 7408
Russley Golf Club,Canterbury,https://russleygolfclub.co.nz/,info@russleygc.co.nz,03 358 4748
Scargill Golf Club,Canterbury,https://www.scargillgolfclub.nz/,scargillgolf@gmail.com,03 314 3854
Tai Tapu Golf Club,Canterbury,http://www.taitapugolf.nz/,admin@taitapugolf.co.nz,03 329 6710
Templeton Golf Club,Canterbury,http://www.templetongc.co.nz/,proshop@templetongc.co.nz,03 349 7493
Temuka Golf Club,Canterbury,http://www.temukagolf.co.nz/club-contacts/,temukagolf@outlook.co.nz,03 615 7139
Terrace Downs Golf Club,Canterbury,https://www.fablehotelsandresorts.com/hotels/fable-terrace-downs-resort?utm_source=googlebusinessprofile&utm_medium=organic&utm_campaign=Google+Business+Profile,Reservations@fableterracedowns.com,03 318 6943
The Cairns Golf Course,Canterbury,https://thecairnsgolfclub.co.nz/,mail@domain.com,03 680 6952
The Range,Canterbury,http://www.therange.nz/,info@therangegolf.co.nz,0274 762 400
Timaru Golf Club,Canterbury,https://www.timarugolfclub.co.nz/,timarugc@xtra.co.nz,03 688 2012
Tinwald Golf Club,Canterbury,https://www.tinwaldgolf.co.nz/,manager@tinwaldgolf.co.nz,033084577
Tokarahi Golf Club,Canterbury,https://tokarahigolf.club/,john@doe.com,03 432 6106
Waimairi Beach Golf Club,Canterbury,http://www.waimairibeachgolf.co.nz/,office@waimairibeach.co.nz,03 383 0307
Waimakariri Gorge Golf Club,Canterbury,http://waimakgolf.nz/,info@waimakgolf.nz,03 312 4339
Waimate Golf Club,Canterbury,https://www.waimategolfclub.co.nz/,Office@waimategolfclub.co.nz,036891275
Waitikiri Golf Club,Canterbury,http://www.waitikirigolf.co.nz/,admin@waitikirigolf.co.nz,03 383 1400
Weedons Country Club,Canterbury,http://www.weedonsgolf.co.nz/,weedonsgolf@gmail.com,03 347 8519
Gisborne Park Golf Club,Gisborne,https://www.gisborneparkgolfclub.com,admin@gpgolfclub.co.nz,06 867 9849
Patutahi Golf Club,Gisborne,,,06 862 7789
Poverty Bay Golf Club,Gisborne,https://www.gisbornegolf.co.nz/,info@gisbornegolf.co.nz,06 867 4402
Tahunga Golf Club,Gisborne,https://www.facebook.com/tahungagolf/,tahunga@golf.co.nz,06 867 0803
Te Puia Hot Springs Golf Club,Gisborne,http://www.tepuiagolf.nz/,tepuiahotsprings@golf.co.nz,(06) 864 6887
Tolaga Bay Golf Club,Gisborne,,arataha.stn@gmail.com,08 8638363
Awatoto Public Golf Course,Hawke's Bay,http://www.maraenuigolf.co.nz/,manager@maraenuigolf.co.nz,06 835 9950
Cape Kidnappers Golf Course,Hawke's Bay,https://www.robertsonlodges.com/the-lodges/cape-kidnappers/explore/golf,proshop@capekidnappers.com,06 873 1018
Hastings Golf Club,Hawke's Bay,http://www.hastingsgolfclub.co.nz/,info@hastingsgolfclub.co.nz,06 879 7206
Hawkes Bay Golf Club,Hawke's Bay,https://www.hawkesbaygolfclub.co.nz/,office@hbgolf.co.nz,06 879 8890
Karamu Golf Club,Hawke's Bay,http://karamugolfclub.com,bobzatgolf@gmail.com,
Mahia Golf Club,Hawke's Bay,http://www.mahiagolfclub.com,mahiagolfclub@gmail.com,06 837 5700
Maraenui Golf Club,Hawke's Bay,http://www.maraenuigolf.co.nz/,office@pantonplumbing.co.nz,06 835 8273
Napier Golf Club,Hawke's Bay,https://www.napiergolf.co.nz/,manager@napiergolf.co.nz,06 844 7913
Onga Onga Golf Club,Hawke's Bay,https://ongaongagolfclub.co.nz/,oogc@xtra.co.nz,06 856 6879
Porangahau Country Club,Hawke's Bay,https://www.sporty.co.nz/ptc,,06 855 5029
Porangahau Golf Club,Hawke's Bay,http://www.porangahaucountryclub.co.nz/,porangahaucountryclub@gmail.com,021-002-1030
Puketitiri Golf Club,Hawke's Bay,,puketitirigolf@gmail.com,0274648147
Takapau Golf Club,Hawke's Bay,,takapaugolf@xtra.co.nz,06 855 8385
Te Pohue Golf Club,Hawke's Bay,,jancooper949@gmail.com,021 447549
Waipawa Golf Club,Hawke's Bay,https://www.sporty.co.nz/waipawagolf,waipawagolfclub@xtra.co.nz,06 857 8978
Waipukurau Golf Club,Hawke's Bay,https://www.waipukuraugolfclub.co.nz/,,076213486
Wairoa Golf Club,Hawke's Bay,,juneunderhill@gmail.com,06 838 6000
Apiti Golf Club,Manawatu-Whanganui,http://apitigolfclub.co.nz/,secretaryapitigolfclub@gmail.com,06 323 4714
Belmont Links,Manawatu-Whanganui,,,
Buckley Golf Club,Manawatu-Whanganui,https://www.buckleygolfclub.co.nz/,buckleygolf@xtra.co.nz,06 362 7837
Cape Turnagain Golf Club,Manawatu-Whanganui,,Capeturnagaingolfclub28@gmail.com,06 374 3669
Castlecliff Golf Club,Manawatu-Whanganui,http://www.castlecliffgolfclub.org.nz/,admin@castlecliffgolf.co.nz,06 344 4554
Dannevirke Golf Club,Manawatu-Whanganui,http://www.dannevirkegolfclub.co.nz/,dannevirkegolf@xtra.co.nz,06 374 8248
Eketahuna Golf Club,Manawatu-Whanganui,http://www.eketahuna-golf.com/,b.g.reichenbach@gmail.com,06 375 8143
Feilding Golf Club,Manawatu-Whanganui,http://www.feildinggolfclub.co.nz/,admin@pakurangagolf.co.nz,06 323 4553
Foxton Golf Club,Manawatu-Whanganui,http://www.foxtongolf.co.nz/,admin@foxtongolf.co.nz,06 363 8160
Hawkestone Golf Club,Manawatu-Whanganui,,hawkestonegolf@gmail.com,0211650017
Levin Golf Club,Manawatu-Whanganui,http://www.levingolfclub.co.nz/,proturf@xtra.co.nz,06 368 6189
Linton Camp Golf Club,Manawatu-Whanganui,http://lintongolfclub.co.nz/,lintoncampgolf@gmail.com,027 372 0425
Manawatu Golf Club,Manawatu-Whanganui,https://www.manawatugolfclub.com/,membership@manawatugolfclub.com,06 357 8793
Marton Golf Club,Manawatu-Whanganui,http://martongolfclub.co.nz/,martongolfsec@gmail.com,06 327 6719
Norsewood Golf Club,Manawatu-Whanganui,,,063746261
Orlando Country Club,Manawatu-Whanganui,https://www.orlandocountry.co/,info@orlandocountry.co.nz,06 280 2913
Pahiatua Golf Club,Manawatu-Whanganui,http://www.pahiatuagolfclub.co.nz/,pahiatuagolfclub@gmail.com,06 376 8005
Palmerston North Golf Club,Manawatu-Whanganui,http://www.pngolf.co.nz/,hello@pngolf.co.nz,06 351 0700
Pongaroa Golf Club,Manawatu-Whanganui,,kandmmartin@xtra.co.nz,
Rangatira Golf Club,Manawatu-Whanganui,http://www.rangatiragolf.co.nz/,marykenn@hotmail.co.nz,06 322 9859
Rangitikei Golf Club,Manawatu-Whanganui,http://rangitikeigolfclub.co.nz/,rangitikeigolf@xtra.co.nz,063221475
RNZAF Ohakea Base  Golf Club,Manawatu-Whanganui,http://www.airforce.mil.nz/about-us/where-we-are/hq-and-bases/ohakea.htm,,06 351 5099
Taihape Golf Club,Manawatu-Whanganui,http://taihapegolf.co.nz/,taihapegolfsecretary@gmail.com,06 388 1247
Taumarunui Golf Club,Manawatu-Whanganui,https://www.taumarunuigolfclub.co.nz/,taumarunuigolfclub@xtra.co.nz,07 896 7257
Tawhero Golf Club,Manawatu-Whanganui,,riversittee@gmail.com,06 344 5808
Waimarino Golf Club,Manawatu-Whanganui,https://www.ruapehugolf.co.nz/,info@ruapehugolf.co.nz,06 385 4246
Wanganui Golf Club,Manawatu-Whanganui,http://www.wanganuigolfclub.co.nz/,manager@wanganuigolfclub.co.nz,06 349 0559
Awatere Golf Club,Marlborough,http://www.awateregolfclub.co.nz/,contact@awateregc.co.nz,03 575 7072
Blenheim Golf Club,Marlborough,http://www.blenheimgolfclub.co.nz/,secretary@blenheimgolfclub.co.nz,03 578 4320
Marlborough Golf Club,Marlborough,https://www.marlboroughgolf.co.nz/programme?ComeFromCat=1287,admin@marlboroughgolf.co.nz,03 578 0884
Picton Golf Club,Marlborough,https://www.pictongolfclub.co.nz/,info@pictongolfclub.co.nz,03 573 7750
Rarangi Golf Club,Marlborough,http://www.rarangigolfclub.co.nz/,rarangi.golf.club@gmail.com,03 570 5709
Golden Downs Golf Club,Nelson,,gazzasign111@gmail.com,0278080578
Koura Bay Golf Course,Nelson,https://kourabayresort.co.nz/,stay@kourabayresort.co.nz,03 319 7477
Nelson Golf Club,Nelson,http://www.nelsongolf.co.nz/,office@nelsongolf.co.nz,03 548 5029
Nopera Bay Golf Club,Nelson,https://noperagolf.nz,noperagolf@gmail.com,0221 406 092
Redstone Golf Park,Nelson,http://www.redstonegolfpark.co.nz/,,03 541 8452
RNZAF Woodbourne Golf Club,Nelson,https://www.nzdf.mil.nz/defence-and-whanau/where-we-are/base-woodbourne/,gordon.schofield@nzdf.mil.nz,
Waahi Taakaro Golf Course,Nelson,https://www.waahitaakarogolfclub.co.nz/,golfshop@waahitaakarogolfclub.co.nz,03 548 7301
Wairau Valley Golf Club,Nelson,,wairauvalleygolfclub@gmail.com,03 577 6554
Bay of Islands Golf Club,Northland,http://www.bayofislandsgolf.co.nz/,office@boigc.co.nz,09 407 8837
Carrington Golf Club,Northland,https://www.carrington.co.nz/,info@carrington.co.nz,09 408 7222
Hikurangi Golf Club,Northland,https://www.sporty.co.nz/hikurangi_golf,hikagolfgirl@gmail.com,09 433 8590
Houhora Golf Club,Northland,https://www.harbourgolf.co.nz/Northland-Clubs/Houhora-Golf-Club-1,Houhoragolf@gmail.com,09 409 8266
Kaikohe Golf Club,Northland,https://www.golfnorthland.co.nz/Northland-Clubs/Kaikohe-Golf-Squash-Club-1,kaikohegolf1@gmail.com,09 405 3814
Kaitaia Golf Club,Northland,https://kaitaiagolfclub.co.nz/,ayla@kaitaiagolfclub.co.nz,09 409 4833
Kauri Cliffs Golf Course,Northland,http://www.kauricliffs.com/?fbclid=IwAR2dt9zLFTCfj-DuHvdBwcJiLCKLi7OLHkSQkrQQY8a_Guml2ge2tr-XwpM,,09 407 0060
Mangawhai Golf Club,Northland,http://www.mangawhaigolf.co.nz/,golfshop@mangawhaigolf.co.nz,09 431 4807
Ngunguru Golf Course,Northland,,ngungurugolfoffice@gmail.com,09 4344 290
Northern Wairoa Golf Club,Northland,https://www.northernwairoagolf.co.nz/,northernwairoagolf@gmail.com,09 439 6599
Northland Golf Club,Northland,http://www.northlandgolfclub.co.nz/,shop@northlandgolfclub.co.nz,09 435 0042
Okaihau Golf Club,Northland,https://www.facebook.com/Okaihaugolfcourse/,okaihaugolf@outlook.co.nz,09 401 9223
Paparoa Golf Club,Northland,,paparoagolf@gmail.com,022 678 1474
Rawene Golf Club,Northland,https://www.facebook.com/rawenegolfclub357/,dixonandsophie@outlook.com,09 405 7793
Sherwood Park Golf Club,Northland,http://www.sherwoodparkgolf.co.nz/,admin@sherwoodparkgolf.co.nz,09 434 6900
The Pines Golf Club,Northland,http://pinesgolfclub.co.nz/,info@pinesgolfclub.co.nz,09 436 2246
Waiotira Golf Club,Northland,http://www.sporty.co.nz/waiotiragolf,,0275552001
Waipu Golf Club,Northland,http://www.waipugolfclub.org.nz/,shop@waipugolf.co.nz,09 432 0259
Waitangi Golf Club,Northland,http://www.waitangigolf.co.nz/,waitangigolf@xtra.co.nz,09 402 7713
Whangarei Golf Club,Northland,https://www.whangareigolfclub.co.nz/,golfshop@whangareigolfclub.co.nz,0251222032
Whangaroa Golf Club,Northland,http://www.whangaroagolf.co.nz/,info@whangaroagolf.co.nz,09 405 1808
Alexandra Golf Club,Otago,http://www.alexandragolf.co.nz,info@alexandragolf.co.nz,03 4488204
Allan Grange Golf Club,Otago,https://www.facebook.com/Allan-Grange-Golf-Club-1110522929100879,allangrangegolf@gmail.com,03 415 9320
Ardleigh Golf Club,Otago,,jpgrubb@xtra.co.nz,
Arrowtown Golf Club,Otago,http://www.arrowtowngolf.co.nz/,info@arrowtowngolf.co.nz,03 442 1719
Balclutha Golf Club,Otago,,balcluthagolf@gmail.com,03 4182171
Balmacewen Golf Course,Otago,,,
Barley Station Golf Course,Otago,,kit.gordon@barleyinvestment.com,-
Belleknowes Golf Club,Otago,,belleknowesgolfclub@gmail.com,
Chisholm Links,Otago,http://www.dunedingolfclub.co.nz/,,03 455 0715
Clinton Golf Club,Otago,,,03 415 7049
Cromwell Golf Club,Otago,https://www.cromwellgolf.co.nz/,proshop@cromwellgolf.co.nz,03 445 0165
Dunstan Golf Club,Otago,http://www.sporty.co.nz/dunstangolf,,03 449 2729
Frankton Golf Centre,Otago,https://sportrec.qldc.govt.nz/recreation/golf,jamie.mcisaac@qldc.govt.nz,03 442 3584
Gibbston Valley Golf Club,Otago,http://gibbstonvalleygolfclub.com/,golf@gibbstonvalley.com,03 428 2983
Gladfield Country Golf Club,Otago,https://www.facebook.com/gladfieldgolfclub,gladfield.golf@gmail.com,03 489 4882
Glenorchy Golf Club,Otago,,,
Heriot Golf Club,Otago,http://www.sporty.co.nz/heriotgolfclub,heriotgolfclub@outlook.com,03 204 2122
Island Park Golf Club,Otago,https://islandparkgolfclubinc.co.nz/,admin@islandparkgolfclubinc.co.nz,03 488 2258
Jacks Point Golf Club,Otago,http://www.jackspoint.com/,golf@jackspoint.com,03 450 2050
Kaitangata Golf Club,Otago,http://www.sporty.co.nz/kaitangatagolfclub,dawsonhj@hotmail.com,03 413 9825
Kingston Golf Club,Otago,https://kingstongolf.wixsite.com/home,kingstongolf@gmail.com,02108419894
Lake Hawea Golf Club,Otago,http://www.lakehaweagolf.com/,timlambeth@yahoo.com,027 203 8785
Lawrence Golf Club,Otago,,gtdavidson@xtra.co.nz,03)4859628
Lower Waitaki Golf Club,Otago,https://www.facebook.com/profile.php?id=100024269918656,,03 431 3800
Maniototo Golf Club,Otago,https://www.facebook.com/ManiototoGolf/,maniototogolfclub@gmail.com,0204389377
Middlemarch Golf Club,Otago,https://golfotago.co.nz/clubs/middlemarch-golf-club/,hello@golfnz.org,03 464 3867
Millbrook Resort Golf Club,Otago,https://www.millbrook.co.nz/?utm_source=gmb&utm_medium=organic&utm_campaign=SEO,golf.bookings@millbrook.co.nz,03 441 7000
Naseby Golf Club,Otago,https://golfotago.co.nz/clubs/naseby-golf-club/,hello@golfnz.org,021 226 1639
North Otago Golf Club,Otago,https://www.facebook.com/profile.php?id=100063544391488,northotagogolf@outlook.co.nz,03 434 6169
Omakau Golf Club,Otago,http://www.omakaugolf.co.nz/,omakaugolf@xtra.co.nz,03 447 3814
Otago Golf Club,Otago,http://www.otagogolfclub.co.nz/,proshop@otagogolfclub.co.nz,03 467 2096
Otakou Golf Course,Otago,https://www.facebook.com/profile.php?id=100051411883880&mibextid=ZbWKwL,otakougolf@outlook.co.nz,0204389377
Owaka Golf Club,Otago,,owakagolfclub@outlook.com,027 4157109
Patearoa Golf Club,Otago,https://patearoagolfclub.nz/,alan.dalziel@icloud.com,03 444 7836
Port Chalmers Golf Club,Otago,http://www.portchalmersgolf.co.nz/,portchalmersgolf@gmail.com,03 472 8404
Queenstown Golf Club,Otago,http://www.queenstowngolf.co.nz/,proshop@queenstowngolf.co.nz,03 442 9169
Roxburgh Golf Club,Otago,http://roxburghgolfclub.co.nz/,sheenynz@yahoo.co.nz,0274 361 325
St Clair Golf Club,Otago,https://www.stclairgolf.co.nz/,manager@stclairgolf.co.nz,03 487 7076
Taieri Lakes Golf Club,Otago,https://taierilakesgolf.co.nz/,taierigolf@xtra.co.nz,03 489 7450
Tapanui Golf Club,Otago,,richkeri@xtra.co.nz,0274 986 956
Tarras Golf Club,Otago,https://www.tarrasgolf.org.nz/,tarrasgolfclub@gmail.com,022 463 1691
The Hills Golf Club,Otago,http://www.thehills.co.nz/,justin.rapley@thehills.co.nz,03 409 8290
Toko Golf Club,Otago,,,03 417 7073
Twelve Oaks Golf Club,Otago,,twelveoakssecretary@outlook.co.nz,03 489 4947
Waikohu Golf Club,Otago,,,021 663 641
Waitoa Park Golf Club,Otago,https://m.facebook.com/groups/569442664995651/?ref=share,waitoagolf@xtra.co.nz,0277233066
Wanaka Golf Club,Otago,http://www.wanakagolf.co.nz/,pro@wanakagolf.co.nz,03 443 7888
Bluff Golf Club,Southland,,fishchips@xtra.co.nz,03 931 0082
Dipton Golf Club,Southland,,hele.i.baird@gmail.com,03 248 5051
Drummond Golf Club Inc,Southland,https://www.facebook.com/drummond567/,drummond.golf@yahoo.co.nz,03 236 2845
Gore Golf Club,Southland,http://www.goregolfclub.co.nz/,info@goregolfclub.co.nz,0210 431 959
Green Acres Country Club,Southland,http://www.greenacrescountry.org.nz/,greenacrescountry@outlook.com,03 215 9016
Hedgehope Golf Club,Southland,,,03 216 8387
Invercargill Golf Club,Southland,https://invercargillgolf.co.nz/,info@invercargillgolf.co.nz,03 213 1133
Lumsden Golf Club,Southland,,,03 248 7213
Mataura Golf Club,Southland,http://www.matauragolfclub.co.nz/,hello@golfnz.org,03 203 8913
Mossburn Golf Club,Southland,,darrellosment@gmail.com,03 931 0082
Nightcaps Golf Club,Southland,,nightcaps@golf.co.nz,03 225 7846
Otautau Golf Club,Southland,,jack.haywood@xtra.co.nz,
Queens Park Golf Club,Southland,http://queensparkgolfclub.co.nz/,office@queensparkgolfclub.co.nz,03 218 8371
Ringa Ringa Heights Golf Club,Southland,,jonspraggon45@gmail.com,03 219 1114
Riversdale Golf Club,Southland,,southernmeadows@xtra.co.nz,03 202 5137
Riverton Golf Club,Southland,http://www.rivertongolf.co.nz/,bunny.helenburgess@xtra.co.nz,03 234 8873
Te Anau Golf Club,Southland,http://teanaugolf.co.nz/,info@teanaugolf.co.nz,022 620 6819
Tokanui Golf Club,Southland,,,03 2468 520
Tuatapere Golf Club,Southland,https://www.facebook.com/p/Tuatapere-Golf-Club-100057102714309/,,0204389377
Waikaia Golf Club,Southland,,al.louisa.mckee@gmail.com,03 202 7781
Waikaka Golf Club,Southland,,glenthorne1997@gmail.com,03 207 2719
Winton Golf Club,Southland,https://m.facebook.com/pages/category/Sports/Winton-Golf-Club-403347803339685/,,03 236 8422
Wyndham Golf Club,Southland,,WyndhamGolfClub@outlook.co.nz,03 206 4659
Eltham Golf Club,Taranaki,,elthamgolf@elthamgolf.co.nz,06 764 8484
Fitzroy Golf Club,Taranaki,https://www.fitzroygolfclub.co.nz/,office@fgc.nz,06 758 2574
Futures Taranaki,Taranaki,https://www.taranakifutures.org.nz/,futures@taranakigolf.co.nz,06 759 5175
Hawera Golf Club,Taranaki,https://www.haweragolf.com/,haweragolf@gmail.com,06 278 5828
Inglewood Golf Club,Taranaki,http://inglewoodgolf.co.nz/,clubhouse@inglewoodgolf.co.nz,06 756 7472
Kaitake Golf Club,Taranaki,http://www.kaitakegolf.co.nz/,kaitakegolf@xtra.co.nz,06 752 7665
Manaia Golf Club,Taranaki,https://www.taranakigolf.co.nz/clubs/manaia/,neiljackie@xtra.co.nz,06 274 8325
Manukorihi Golf Club,Taranaki,https://www.manukorihigc.com/,manukorihigolf@xtra.co.nz,06 754 7497
New Plymouth Golf Club,Taranaki,http://www.newplymouthgolf.co.nz/,admin@newplymouthgolf.co.nz,06 755 1349
Opunake Golf Club,Taranaki,https://www.taranakigolf.co.nz/clubs/opunake/,opunakegolfclub@gmail.com,06 761 8070
Patea Golf Club Inc,Taranaki,https://www.taranakigolf.co.nz/clubs/patea/,gibbsharvey@gmail.com,06 273 8102
Pungarehu Golf Club,Taranaki,,crowleyxfive@xtra.co.nz,06 763 8255
Stratford Golf Club,Taranaki,https://www.stratfordgolfclub.org/,info@stratfordgolfclub.org,061080942
Strathmore Golf Club,Taranaki,,bucko@primowireless.co.nz,06-7655180
Te Ngutu Golf Club,Taranaki,https://www.taranakigolf.co.nz/clubs/te-ngutu/,office@tengutugolf.co.nz,06 272 8039
Urenui Golf Club,Taranaki,https://urenuigolfclub.co.nz/,urenuigolf@xtra.co.nz,(06)7523702
Waitara Golf Club,Taranaki,https://www.facebook.com/WaitaraGolfClub,waitaragolf@xtra.co.nz,06 754 8923
Waverley Golf Club,Taranaki,,waverley@golf.co.nz,0210 550 631
Westown Golf Club,Taranaki,http://www.westowngolfclub.co.nz/,admin@westowngolfclub.co.nz,06 758 6933
Greenacres Golf Club,Tasman,http://www.greenacresgolfclub.co.nz/,admin@greenacresgolfclub.co.nz,03 544 6441
Motueka Golf Club,Tasman,https://motuekagolf.co.nz/,info@motuekagolf.co.nz,03 528 8998
Murchison Golf Club,Tasman,http://visitmurchison.nz/murchison-golf-course.html,murchisongolf@hotmail.com,03 523 9213
Onekaka Links Golf Club,Tasman,https://www.onekakalinks.com/,info@onekakalinks.co.nz,021 558 185
Takaka Golf Club,Tasman,http://www.takakagolfclub.co.nz/,takaka@golf.co.nz,03 525 9054
Tasman Golf Club,Tasman,https://www.tasmangolfclub.com/,teeup@tasmangolfclub.com,03 526 6819
Totaradale Golf Club,Tasman,http://www.totaradalegolf.co.nz/,info@totaradalegolf.co.nz,03 541 8030
Cambridge Golf Club,Waikato,http://www.cambridgegolf.co.nz/,admin@cambridgegolf.co.nz,07 827 6381
Coromandel Golf Club,Waikato,https://www.sporty.co.nz/coromandelgolfclub,coromandelgolfclub@gmail.com,027 866 8539
Hamilton Golf Club,Waikato,http://www.standrews.co.nz/,manager@hamiltongolf.co.nz,07 849 2069
Hauraki Golf Club,Waikato,http://haurakigolf.co.nz/,bookings@haurakigolf.co.nz,07 867 3197
Horsham Downs Golf Club,Waikato,http://www.horshamdownsgolf.co.nz/home-1,admin@horshamdownsgolf.co.nz,07 829 4709
Hukanui Golf Club,Waikato,https://www.hukanuigolf.co.nz/,hukanuigolf@xtra.co.nz,07 824 3784
Huntly Golf Club Inc,Waikato,https://www.huntlygolfclub.co.nz/,huntlygolf@xtra.co.nz,07 828 8305
Kawhia Golf Club,Waikato,,kawhiagolf@gmail.com,
Kinloch Village Golf Club,Waikato,http://www.kinlochvillagegolfclub.co.nz/,inwards.kvgc@gmail.com,07 378 7663
Lakes Resort Pauanui,Waikato,https://www.lakesresort.com/,golf@lakesresort.com,07 864 9999
Mangakino Golf Club,Waikato,https://www.lovetaupo.com/en/operators/mangakino-golf-club/,mangakino.golf@xtra.co.nz,07 882 8075
Maramarua Golf Club,Waikato,http://www.maramarua.co.nz/,maramarua@xtra.co.nz,09 232 5702
Matamata Golf Club,Waikato,http://www.matamatagolf.co.nz/,matamatagolf@gmail.com,07 888 6109
Mercury Bay Golf Club,Waikato,https://mercurybaygolf.co.nz/,admin@mercurybaygolf.co.nz,07 866 5479
Morrinsville Golf Club,Waikato,http://morrinsvillegolf.co.nz/,manager@morrinsvillegolf.co.nz,07 889 6696
Ngahinepouri Golf Club,Waikato,http://www.countrygolf.co.nz/,pourigolf@xtra.co.nz,07 825 2760
Ngaruawahia Golf Club,Waikato,https://www.golfwaikato.co.nz/,office@golfwaikato.co.nz,07 824 8006
Okoroire Golf Club,Waikato,,,021 275 3765
Onewhero Golf Club,Waikato,http://www.onewherogolf.co.nz/,office@onewherogolf.co.nz,09 233 4038
Paeroa Golf Club,Waikato,http://www.paeroagolf.co.nz/,paeroagolf2@gmail.com,022 162 1300
Pauanui Sports & Recreation Club Inc.,Waikato,http://www.pauanuiclub.co.nz/,golfshop@pauanuiclub.co.nz,07 864 8695
Piopio Aria Golf Club,Waikato,https://www.piopioariagolfclub.co.nz/,piopiogolfclub@gmail.com,07 877 8195
Pirongia Golf Club,Waikato,http://pirongiagolfclub.co.nz/,stephen@workingsmarter.co.nz,07 871 9640
Purangi Golf & Country Club Inc.,Waikato,http://www.purangigolf.nz/,purangi.golf@xtra.co.nz,0274 832 370
Putaruru Golf Club,Waikato,https://www.putarurugolfclub.co.nz/,putarurugolfclub@xtra.co.nz,07 883 8231
Raglan Golf Club,Waikato,https://www.raglangolf.co.nz/,admin@raglangc.co.nz,027 180 10413
Reporoa Golf Club,Waikato,http://reporoagolf.weebly.com/,reporoagolf@gmail.com,027 685 6532
Stewart Alexander Golf Club,Waikato,http://www.stewartalexander.co.nz/,stew.alex.golf@gmail.com,07 871 7907
Tahuna Golf Club,Waikato,https://www.tahunagolfclub.co.nz/,tahunagolfclub@gmail.com,07 887 5861
Tairua Golf Club,Waikato,https://www.tairuagolf.co.nz/,info@tairuagolf.co.nz,07 864 8416
Taupo Golf Club,Waikato,http://www.taupogolf.co.nz/,paul.stewart@craigsip.com,07 378 6933
Te Akau Golf Club,Waikato,,jenny.sharp@xtra.co.nz,021 845 410
Te Aroha Golf Club,Waikato,http://www.sporty.co.nz/tearohagolfclub,teagolfclub@gmail.com,07 884 9656
Te Awamutu Golf Club,Waikato,http://www.teawamutugolf.co.nz/,info@teawamutugolf.co.nz,07 871 5661
Te Kauwhata Golf Course,Waikato,,,07 826 3574
Te Kowhai Golf Club,Waikato,https://www.tekowhaigolf.co.nz/,tekowhaigolf@gmail.com,07 829 8703
Thames Golf Club,Waikato,http://sportsground.co.nz/thamesgolfclub,sales@sportsground.com,07 868 9062
The Dunes Matarangi Golf Club,Waikato,http://www.thedunes.co.nz/,operationsmanager@thedunesmatarangi.com,07 866 5394
The Eagles Nest Hamilton,Waikato,https://theeaglesnest.co.nz/,hamilton@theeaglesnest.co.nz,022 644 6693
The Kinloch Club,Waikato,https://www.thekinlochclub.com/,tom@thekinlochclub.com,07 377 8482
Tieke Golf Estate,Waikato,http://tiekegolf.co.nz/,info@tiekegolf.co.nz,07 843 6287
Tirau Golf Club,Waikato,https://tiraugolfclub.co.nz/,info@golf360.co.nz,07 883 1423
Tokoroa Golf Club,Waikato,https://www.tokoroagolfclub.org.nz/,tokoroagolfclub@xtra.co.nz,07 886 5689
Turangi Golf Club,Waikato,https://turangigolfclub.com/,accounts@turangigolfclub.com,07 386 8724
Waihi Golf Club,Waikato,http://www.waihigolf.co.nz/contact.html,golf@waihigolf.co.nz,07 863 8678
Waikare Golf Club,Waikato,http://www.waikaregolfclub.co.nz/,office@waikaregolfclub.co.nz,07 826 3574
Waikite Valley Golf Club,Waikato,http://www.hotpools.co.nz/,judithandcolin@xtra.co.nz.co.nz,07 333 1861
Wairakei International Golf Course,Waikato,http://www.wairakeigolfcourse.co.nz,info@wairakeigolf.co.nz,(07) 374 8152
Waiterimu Golf Club,Waikato,,admin@waiterimugolf.kiwi,07 828 5805
Waitomo Golf Club,Waikato,http://www.sporty.co.nz/waitomogolf,,027 235 8241
Walton Golf Club,Waikato,http://www.waltongolf.co.nz/,waltongolf@outlook.com,07 888 3731
Whangamata Golf Club,Waikato,http://www.whangamatagolf.net.nz/,proshop@whangagolf.co.nz,07 865 8479
Berhampore Golf Course,Wellington,http://wellington.govt.nz/recreation/play-sport/berhampore-golf-course,info@wcc.govt.nz,04 389 6816
Birdies x Brews,Wellington,https://www.birdiesxbrews.com/,info@birdiesxbrews.com,027 309 8424
Boulcott's Farm Heritage Golf Club,Wellington,https://www.boulcottsfarmhgc.co.nz/,functions@boulcottsfarmhgc.co.nz,04 567 4722
Carterton Golf Club,Wellington,https://www.cartertongolfclub.co.nz/,admin@cartertongolfclub.co.nz,06 379 8457
Castlepoint Golf Course,Wellington,http://www.castlepointgolf.co.nz/,tonyandhelen@xtra.co.nz,021 485 222
Club Wairarapa,Wellington,https://clubwairarapa.com/,,06 370 0012
Futures Wellington,Wellington,https://www.focusfutures.ac.nz/,futureswellington@golfnz.org,04 801 9180
Golf Warehouse - Thorndon,Wellington,https://www.golfwarehouse.nz/?utm_source=wellington&utm_medium=googleplaces,,04 499 4653
Hutt Park Golf Club,Wellington,https://www.golfwarehouse.nz/?utm_source=lower%20hutt&utm_medium=googleplaces,r.pegg@gw.co.nz,04 589 4653
Judgeford Golf Club,Wellington,http://www.judgefordgolf.co.nz/,admin@arbinnovations.co.nz,04 235 7633
Kapiti Golf Club,Wellington,https://www.sporty.co.nz/kgc,kapitigolfclub@gmail.com,04 298 6151
Karori Golf Club,Wellington,http://www.karorigolf.co.nz/,clubhouse@karorigolf.co.nz,04 476 7337
Mahunga Golf Club,Wellington,http://www.mahunga.weebly.com,mahungagolfclub@gmail.com,06 3774990
Manor Park Golf Sanctuary,Wellington,http://www.manorparkgolf.co.nz/,office@manorparkgolf.co.nz,04 563 8558
Martinborough Golf Club,Wellington,http://martinboroughgolfclub.co.nz/,office@martinboroughgolfclub.co.nz,06 306 9076
Masterton Golf Club,Wellington,https://mastertongolfclub.co.nz/,admin@mastertongolfclub.co.nz,06 377 4984
Miramar Golf Club,Wellington,http://www.miramargolfclub.co.nz/,office@miramargolfclub.co.nz,04 801 7649
Miramar Links,Wellington,http://www.miramarlinks.co.nz/,,04 801 7650
Mornington Golf Club,Wellington,http://www.morningtongolf.co.nz/,admin@morningtongolf.co.nz,04 389 6816
Ngawi Hitaround Golf Links,Wellington,,,027 654 1810
NZ Golf,Wellington,http://www.golf.co.nz/,hello@golfnz.org,04 471 0990
Ohariu Valley Golf Club,Wellington,https://ohariugolf.org.nz/,ohariugolf@xtra.co.nz,04 478 4009
Otaki Golf Club,Wellington,http://www.otakigolfclub.co.nz/,rochelle@kapitidesign.co.nz,06 364 8260
Paraparaumu Beach Golf Club,Wellington,http://www.paraparaumubeachgolfclub.co.nz/,golfshop@pbgc.co.nz,04 902 8200
Riversdale Beach Golf Club,Wellington,https://www.riversdalebeachgolfclub.co.nz/,office@riversdalebeachgolfclub.co.nz,06 372 3416
Royal Wellington Golf Club,Wellington,http://www.royalwellington.com/cms/,office@royalwellington.com,04 528 6900
Shandon Golf Club,Wellington,http://shandongolf.co.nz/,shandongolf@outlook.com,04 939 6305
Te Marua Golf Club,Wellington,https://temaruagolfclub.co.nz/,shop@temaruagolfclub.co.nz,04 526 7020
The Morgans Golf Course,Wellington,http://themorgans.co.nz/,,04 237 9027
Titahi Golf Club,Wellington,http://titahigolf.kiwi.nz/,info@titahigolf.co.nz,04 236 7334
Trentham Camp Golf Club,Wellington,https://www.trenthamgolfclub.co.nz/,info@trenthamgolfclub.co.nz,04 527 7039
Waikanae Golf Club,Wellington,http://waikanaegolfclub.co.nz/,office@waikanaegolfclub.co.nz,04 293 6399
Wainuiomata Golf Club,Wellington,https://www.wainuigolf.co.nz/,office@wainuigolf.co.nz,04 564 7746
Wellington Samoa Golf Academy Inc,Wellington,https://www.golfwof.co.nz/,,04 472 0953
WellyPutt Mini Golf,Wellington,http://www.wellyputt.co.nz/,hello@wellyputt.co.nz,0210 810 0567
Greymouth Golf Club,West Coast,http://www.greymouthgolfclub.com,greygolffinance@gmail.com,03 768 5332
Hokitika Golf Club,West Coast,https://hokitikagolf.wixsite.com/hokitikagolfclub,hokitikagolf@gmail.com,027 644 4229
Karamea Golf Club,West Coast,,karameagolfclub@yahoo.co.nz,03 782 6624
Reefton Golf Club,West Coast,,reeftongolf@gmail.com,0274 326 714
Westport Golf Club,West Coast,http://www.westportgolf.co.nz,joyboy6@hotmail.com,(03) 7898132
Whataroa Golf Club,West Coast,,fionadeans@xtra.co.nz,027 360 4427